azimuthal_phi,cross_section
0,0.000049344
15.0,0.0000498166
30.0,0.0000512009
45.0,0.000053403
60.0,0.0000562729
75.0,0.000059615
90.0,0.0000632014
105.0,0.0000667879
120.0,0.0000701299
135.0,0.0000729998
150.0,0.0000752019
165.0,0.0000765869
180.0,0.0000770584
195.0,0.0000765869
210.0,0.0000752019
225.0,0.0000729998
240.0,0.0000701299
255.0,0.0000667879
270.0,0.0000632014
285.0,0.000059615
300.0,0.0000562729
315.0,0.000053403
330.0,0.0000512009
345.0,0.0000498166
360.0,0.000049344